{
  "dim": 1,
  "L": 500,
  "N": 500,
  "d_s": 1.0,
  "params": {
    "beta": 0.05,
    "lambda": 1.0,
    "mu_H": 0.5,
    "mu_M": 0.1,
    "R0": 1.0
  },
  "n_realizations": 10000,
  "n_survived": 0,
  "survival_fraction": 0.0,
  "times": [
    1.0,
    2.0,
    3.0,
    4.0,
    5.0,
    6.0,
    7.0,
    8.0,
    9.0,
    10.0,
    11.0,
    12.0,
    13.0,
    15.0,
    17.0,
    18.0,
    20.0,
    23.0,
    25.0,
    28.0,
    31.0,
    34.0,
    38.0,
    42.0,
    47.0,
    52.0,
    57.0,
    63.0,
    70.0,
    78.0,
    86.0,
    95.0,
    105.0,
    117.0,
    129.0,
    143.0,
    158.0,
    175.0,
    194.0,
    215.0,
    238.0,
    263.0,
    291.0,
    322.0,
    357.0,
    395.0,
    437.0,
    484.0,
    535.0,
    592.0,
    656.0,
    725.0,
    803.0,
    889.0,
    983.0,
    1088.0,
    1205.0,
    1333.0,
    1475.0,
    1633.0,
    1807.0,
    2000.0,
    2213.0,
    2449.0,
    2710.0,
    3000.0
  ],
  "M_density": [
    0.001927400000000014,
    0.0018458000000000428,
    0.0017466000000000744,
    0.0016520000000000905,
    0.0015710000000000858,
    0.0014766000000000622,
    0.0013818000000000402,
    0.0013086000000000263,
    0.0012370000000000148,
    0.0011648000000000038,
    0.0011019999999999964,
    0.0010373999999999895,
    0.000976399999999979,
    0.0008781999999999682,
    0.0007777999999999613,
    0.0007361999999999663,
    0.0006481999999999735,
    0.0005355999999999819,
    0.0004691999999999868,
    0.0003931999999999919,
    0.0003255999999999946,
    0.0002755999999999965,
    0.00021619999999999937,
    0.00017060000000000014,
    0.0001312000000000001,
    9.760000000000008e-05,
    7.060000000000005e-05,
    4.9400000000000035e-05,
    3.400000000000003e-05,
    2.1000000000000012e-05,
    1.4800000000000007e-05,
    6.600000000000002e-06,
    4.000000000000001e-06,
    2.8000000000000003e-06,
    2.4e-06,
    1e-06,
    0.0,
    0.0,
    0.0,
    0.0,
    0.0,
    0.0,
    0.0,
    0.0,
    0.0,
    0.0,
    0.0,
    0.0,
    0.0,
    0.0,
    0.0,
    0.0,
    0.0,
    0.0,
    0.0,
    0.0,
    0.0,
    0.0,
    0.0,
    0.0,
    0.0,
    0.0,
    0.0,
    0.0,
    0.0,
    0.0
  ],
  "moments": {
    "M^1_uncond": [
      0.9637,
      0.9229,
      0.8733,
      0.826,
      0.7855,
      0.7383,
      0.6909,
      0.6543,
      0.6185,
      0.5824,
      0.551,
      0.5187,
      0.4882,
      0.4391,
      0.3889,
      0.3681,
      0.3241,
      0.2678,
      0.2346,
      0.1966,
      0.1628,
      0.1378,
      0.1081,
      0.0853,
      0.0656,
      0.0488,
      0.0353,
      0.0247,
      0.017,
      0.0105,
      0.0074,
      0.0033,
      0.002,
      0.0014,
      0.0012,
      0.0005,
      0.0,
      0.0,
      0.0,
      0.0,
      0.0,
      0.0,
      0.0,
      0.0,
      0.0,
      0.0,
      0.0,
      0.0,
      0.0,
      0.0,
      0.0,
      0.0,
      0.0,
      0.0,
      0.0,
      0.0,
      0.0,
      0.0,
      0.0,
      0.0,
      0.0,
      0.0,
      0.0,
      0.0,
      0.0,
      0.0
    ],
    "M^2_uncond": [
      1.1069,
      1.1575,
      1.1835,
      1.19,
      1.2021,
      1.1779,
      1.1339,
      1.1243,
      1.1025,
      1.0684,
      1.0366,
      0.9977,
      0.9492,
      0.9115,
      0.8243,
      0.7871,
      0.7087,
      0.5882,
      0.5218,
      0.4532,
      0.3782,
      0.3222,
      0.2491,
      0.2099,
      0.1722,
      0.133,
      0.1003,
      0.0693,
      0.05,
      0.0271,
      0.0232,
      0.0059,
      0.004,
      0.002,
      0.0022,
      0.0009,
      0.0,
      0.0,
      0.0,
      0.0,
      0.0,
      0.0,
      0.0,
      0.0,
      0.0,
      0.0,
      0.0,
      0.0,
      0.0,
      0.0,
      0.0,
      0.0,
      0.0,
      0.0,
      0.0,
      0.0,
      0.0,
      0.0,
      0.0,
      0.0,
      0.0,
      0.0,
      0.0,
      0.0,
      0.0,
      0.0
    ]
  },
  "fitted_delta": 2.6333190273763702,
  "dp_delta": 0.159464,
  "wall_time_secs": 562.7897369861603
}