{
  "dim": 1,
  "L": 200,
  "N": 200,
  "d_s": 1.0,
  "params": {
    "beta": 0.05,
    "lambda": 1.0,
    "mu_H": 0.5,
    "mu_M": 0.1,
    "R0": 1.0
  },
  "n_realizations": 100,
  "n_survived": 0,
  "survival_fraction": 0.0,
  "times": [
    1.0,
    2.0,
    3.0,
    4.0,
    5.0,
    6.0,
    7.0,
    8.0,
    9.0,
    10.0,
    11.0,
    12.0,
    13.0,
    14.0,
    15.0,
    16.0,
    18.0,
    19.0,
    21.0,
    23.0,
    25.0,
    27.0,
    29.0,
    31.0,
    34.0,
    37.0,
    40.0,
    43.0,
    47.0,
    51.0,
    55.0,
    59.0,
    64.0,
    69.0,
    75.0,
    81.0,
    88.0,
    95.0,
    103.0,
    112.0,
    121.0,
    131.0,
    142.0,
    153.0,
    166.0,
    179.0,
    194.0,
    210.0,
    227.0,
    246.0,
    266.0,
    288.0,
    311.0,
    337.0,
    365.0,
    394.0,
    427.0,
    462.0,
    499.0
  ],
  "M_density": [
    0.004800000000000003,
    0.004600000000000003,
    0.004700000000000003,
    0.0044500000000000026,
    0.004250000000000003,
    0.004050000000000002,
    0.003750000000000002,
    0.0037000000000000015,
    0.0033000000000000013,
    0.003100000000000001,
    0.0029500000000000017,
    0.0028000000000000013,
    0.0025500000000000006,
    0.002450000000000001,
    0.0022500000000000007,
    0.0020000000000000005,
    0.0016500000000000004,
    0.0014500000000000006,
    0.0012500000000000002,
    0.00095,
    0.0007999999999999999,
    0.00065,
    0.0006999999999999999,
    0.00055,
    0.0004,
    0.00045,
    0.0004,
    0.00030000000000000003,
    0.00015,
    0.0002,
    0.0002,
    0.0001,
    0.0001,
    0.0001,
    0.0,
    0.0,
    0.0,
    0.0,
    0.0,
    0.0,
    0.0,
    0.0,
    0.0,
    0.0,
    0.0,
    0.0,
    0.0,
    0.0,
    0.0,
    0.0,
    0.0,
    0.0,
    0.0,
    0.0,
    0.0,
    0.0,
    0.0,
    0.0,
    0.0
  ],
  "moments": {
    "M^1_uncond": [
      0.96,
      0.92,
      0.94,
      0.89,
      0.85,
      0.81,
      0.75,
      0.74,
      0.66,
      0.62,
      0.59,
      0.56,
      0.51,
      0.49,
      0.45,
      0.4,
      0.33,
      0.29,
      0.25,
      0.19,
      0.16,
      0.13,
      0.14,
      0.11,
      0.08,
      0.09,
      0.08,
      0.06,
      0.03,
      0.04,
      0.04,
      0.02,
      0.02,
      0.02,
      0.0,
      0.0,
      0.0,
      0.0,
      0.0,
      0.0,
      0.0,
      0.0,
      0.0,
      0.0,
      0.0,
      0.0,
      0.0,
      0.0,
      0.0,
      0.0,
      0.0,
      0.0,
      0.0,
      0.0,
      0.0,
      0.0,
      0.0,
      0.0,
      0.0
    ],
    "M^2_uncond": [
      1.06,
      1.08,
      1.26,
      1.29,
      1.45,
      1.45,
      1.49,
      1.58,
      1.3,
      1.28,
      1.11,
      1.14,
      1.05,
      0.99,
      1.03,
      0.86,
      0.65,
      0.59,
      0.45,
      0.35,
      0.28,
      0.23,
      0.26,
      0.17,
      0.12,
      0.15,
      0.14,
      0.1,
      0.05,
      0.1,
      0.1,
      0.02,
      0.02,
      0.02,
      0.0,
      0.0,
      0.0,
      0.0,
      0.0,
      0.0,
      0.0,
      0.0,
      0.0,
      0.0,
      0.0,
      0.0,
      0.0,
      0.0,
      0.0,
      0.0,
      0.0,
      0.0,
      0.0,
      0.0,
      0.0,
      0.0,
      0.0,
      0.0,
      0.0
    ]
  },
  "fitted_delta": 1.9750408078364194,
  "dp_delta": 0.159464,
  "wall_time_secs": 5.817541837692261
}